id,bid,user_id,用户昵称,微博正文,头条文章url,发布位置,艾特用户,话题,转发数,评论数,点赞数,发布时间,发布工具,微博图片url,微博视频url,retweet_id,ip,user_authentication,评论人ID,评论人昵称,评论时间,评论内容,点赞次数
5007987112152088,O3lMr91R6,7812127712,柳心不吃馒头,封茗囧菌超话娃衣已经就位，可能不是很好看，毕竟是第一次买，不过还是很期待效果的，静等馒头娃娃啦,,,,,1,5,9,2024-03-03 23:43,封茗囧菌超话,https://wx3.sinaimg.cn/large/008wGThSgy1hne8gitnt4j32dc35sx6q.jpg,,,广东,普通用户,6114444957,freedonnj,Mon Mar 04 07:21:38 +0800 2024,"同等娃娃到家<span class=""url-icon""><img alt=""[送花花]"" src=""https://face.t.sinajs.cn/t4/appstyle/expression/ext/normal/cb/2022_Flowers_org.png"" style=""width:1em; height:1em;"" /></span>",1
5007987112152088,O3lMr91R6,7812127712,柳心不吃馒头,封茗囧菌超话娃衣已经就位，可能不是很好看，毕竟是第一次买，不过还是很期待效果的，静等馒头娃娃啦,,,,,1,5,9,2024-03-03 23:43,封茗囧菌超话,https://wx3.sinaimg.cn/large/008wGThSgy1hne8gitnt4j32dc35sx6q.jpg,,,广东,普通用户,7612281601,SOKG王昱元,Mon Mar 04 00:00:12 +0800 2024,~,1
5007987112152088,O3lMr91R6,7812127712,柳心不吃馒头,封茗囧菌超话娃衣已经就位，可能不是很好看，毕竟是第一次买，不过还是很期待效果的，静等馒头娃娃啦,,,,,1,5,9,2024-03-03 23:43,封茗囧菌超话,https://wx3.sinaimg.cn/large/008wGThSgy1hne8gitnt4j32dc35sx6q.jpg,,,广东,普通用户,7886489023,用户7886489023,Mon Mar 04 08:33:25 +0800 2024,"<span class=""url-icon""><img alt=""[爱橙橙]"" src=""https://face.t.sinajs.cn/t4/appstyle/expression/ext/normal/58/2024_loveorange_org.png"" style=""width:1em; height:1em;"" /></span><span class=""url-icon""><img alt=""[爱橙橙]"" src=""https://face.t.sinajs.cn/t4/appstyle/expression/ext/normal/58/2024_loveorange_org.png"" style=""width:1em; height:1em;"" /></span><span class=""url-icon""><img alt=""[爱橙橙]"" src=""https://face.t.sinajs.cn/t4/appstyle/expression/ext/normal/58/2024_loveorange_org.png"" style=""width:1em; height:1em;"" /></span>",1
5007938525069381,O3kw4lgMd,7297525643,永远明天见Tz,还是打给你了你却没接#幹物女(WeiWei)-封茗囧菌#@周翊然Tz,,,周翊然Tz,,0,9,10,2024-03-03 20:30,翊然尊嘟超爱你,https://wx3.sinaimg.cn/large/007XRFMvgy1hne2wmla6dj30u0190qbb.jpg,,,浙江,红V,6898883962,Melody-西红柿,Sun Mar 03 20:32:11 +0800 2024,初中超喜欢这首和干物女😍,1
5007938525069381,O3kw4lgMd,7297525643,永远明天见Tz,还是打给你了你却没接#幹物女(WeiWei)-封茗囧菌#@周翊然Tz,,,周翊然Tz,,0,9,10,2024-03-03 20:30,翊然尊嘟超爱你,https://wx3.sinaimg.cn/large/007XRFMvgy1hne2wmla6dj30u0190qbb.jpg,,,浙江,红V,6586667283,甜桃兔丸丸x,Sun Mar 03 21:08:51 +0800 2024,就这样喂喂喂,1
5007938525069381,O3kw4lgMd,7297525643,永远明天见Tz,还是打给你了你却没接#幹物女(WeiWei)-封茗囧菌#@周翊然Tz,,,周翊然Tz,,0,9,10,2024-03-03 20:30,翊然尊嘟超爱你,https://wx3.sinaimg.cn/large/007XRFMvgy1hne2wmla6dj30u0190qbb.jpg,,,浙江,红V,5656936859,偷亲明盛后被墨斗打了一顿,Sun Mar 03 20:57:48 +0800 2024,就这样喂喂～,1
5007938525069381,O3kw4lgMd,7297525643,永远明天见Tz,还是打给你了你却没接#幹物女(WeiWei)-封茗囧菌#@周翊然Tz,,,周翊然Tz,,0,9,10,2024-03-03 20:30,翊然尊嘟超爱你,https://wx3.sinaimg.cn/large/007XRFMvgy1hne2wmla6dj30u0190qbb.jpg,,,浙江,红V,2696637064,不许脸红o,Sun Mar 03 20:33:14 +0800 2024,感觉回到小学初中了,1
5007786747103443,O3gzgtNVF,6557473336,封茗囧菌的啊团,封茗囧菌超话以后的巡演大多会使用秀动app和票务相关，大家可以关注一下！『十年之约』使用秀动买票的朋友们也可以上传照片，来记录一下这段美好的经历,,,,,6,48,204,2024-03-03 10:27,封茗囧菌超话,"https://wx1.sinaimg.cn/large/0079MumYly1hndla923z5j30n01dsk0a.jpg,https://wx4.sinaimg.cn/large/0079MumYly1hndla8kmqlj30n01dsn4f.jpg",,,陕西,普通用户,5792996610,是栀夏不是只虾,Sun Mar 03 10:46:12 +0800 2024,"秀动真的很拉胯<span class=""url-icon""><img alt=[跪了] src=""https://h5.sinaimg.cn/m/emoticon/icon/default/d_guile-a8a737d3a0.png"" style=""width:1em; height:1em;"" /></span><span class=""url-icon""><img alt=[跪了] src=""https://h5.sinaimg.cn/m/emoticon/icon/default/d_guile-a8a737d3a0.png"" style=""width:1em; height:1em;"" /></span>根本抢不过hn二道贩子",9
5007786747103443,O3gzgtNVF,6557473336,封茗囧菌的啊团,封茗囧菌超话以后的巡演大多会使用秀动app和票务相关，大家可以关注一下！『十年之约』使用秀动买票的朋友们也可以上传照片，来记录一下这段美好的经历,,,,,6,48,204,2024-03-03 10:27,封茗囧菌超话,"https://wx1.sinaimg.cn/large/0079MumYly1hndla923z5j30n01dsk0a.jpg,https://wx4.sinaimg.cn/large/0079MumYly1hndla8kmqlj30n01dsn4f.jpg",,,陕西,普通用户,6768601211,十月月月月月丶,Sun Mar 03 16:13:22 +0800 2024,秀动的转赠对于hn来说太方便了,4
5007786747103443,O3gzgtNVF,6557473336,封茗囧菌的啊团,封茗囧菌超话以后的巡演大多会使用秀动app和票务相关，大家可以关注一下！『十年之约』使用秀动买票的朋友们也可以上传照片，来记录一下这段美好的经历,,,,,6,48,204,2024-03-03 10:27,封茗囧菌超话,"https://wx1.sinaimg.cn/large/0079MumYly1hndla923z5j30n01dsk0a.jpg,https://wx4.sinaimg.cn/large/0079MumYly1hndla8kmqlj30n01dsn4f.jpg",,,陕西,普通用户,7793918519,青泞ya,Sun Mar 03 14:39:02 +0800 2024,呜呜，什么时候能来台州,3
5007786747103443,O3gzgtNVF,6557473336,封茗囧菌的啊团,封茗囧菌超话以后的巡演大多会使用秀动app和票务相关，大家可以关注一下！『十年之约』使用秀动买票的朋友们也可以上传照片，来记录一下这段美好的经历,,,,,6,48,204,2024-03-03 10:27,封茗囧菌超话,"https://wx1.sinaimg.cn/large/0079MumYly1hndla923z5j30n01dsk0a.jpg,https://wx4.sinaimg.cn/large/0079MumYly1hndla8kmqlj30n01dsn4f.jpg",,,陕西,普通用户,7797142086,言笑晏晏lus,Sun Mar 03 13:38:32 +0800 2024,今年有西安计划吗,2
5007786747103443,O3gzgtNVF,6557473336,封茗囧菌的啊团,封茗囧菌超话以后的巡演大多会使用秀动app和票务相关，大家可以关注一下！『十年之约』使用秀动买票的朋友们也可以上传照片，来记录一下这段美好的经历,,,,,6,48,204,2024-03-03 10:27,封茗囧菌超话,"https://wx1.sinaimg.cn/large/0079MumYly1hndla923z5j30n01dsk0a.jpg,https://wx4.sinaimg.cn/large/0079MumYly1hndla8kmqlj30n01dsn4f.jpg",,,陕西,普通用户,5635385681,少年西西弗斯_,Sun Mar 03 14:19:47 +0800 2024,"呜呜呜什么时候可以来成都<span class=""url-icon""><img alt=[泪] src=""https://h5.sinaimg.cn/m/emoticon/icon/default/d_lei-4cdf6ee412.png"" style=""width:1em; height:1em;"" /></span>",7
5007786747103443,O3gzgtNVF,6557473336,封茗囧菌的啊团,封茗囧菌超话以后的巡演大多会使用秀动app和票务相关，大家可以关注一下！『十年之约』使用秀动买票的朋友们也可以上传照片，来记录一下这段美好的经历,,,,,6,48,204,2024-03-03 10:27,封茗囧菌超话,"https://wx1.sinaimg.cn/large/0079MumYly1hndla923z5j30n01dsk0a.jpg,https://wx4.sinaimg.cn/large/0079MumYly1hndla8kmqlj30n01dsn4f.jpg",,,陕西,普通用户,5736805782,青墨墨墨lcc,Mon Mar 04 08:08:24 +0800 2024,巡演城市什么时候公布呀🙋🏻♀️,0
5007786747103443,O3gzgtNVF,6557473336,封茗囧菌的啊团,封茗囧菌超话以后的巡演大多会使用秀动app和票务相关，大家可以关注一下！『十年之约』使用秀动买票的朋友们也可以上传照片，来记录一下这段美好的经历,,,,,6,48,204,2024-03-03 10:27,封茗囧菌超话,"https://wx1.sinaimg.cn/large/0079MumYly1hndla923z5j30n01dsk0a.jpg,https://wx4.sinaimg.cn/large/0079MumYly1hndla8kmqlj30n01dsn4f.jpg",,,陕西,普通用户,7236767562,迪裙,Sun Mar 03 11:52:25 +0800 2024,"来成都吧菌菌<span class=""url-icon""><img alt=[泪] src=""https://h5.sinaimg.cn/m/emoticon/icon/default/d_lei-4cdf6ee412.png"" style=""width:1em; height:1em;"" /></span><span class=""url-icon""><img alt=[泪] src=""https://h5.sinaimg.cn/m/emoticon/icon/default/d_lei-4cdf6ee412.png"" style=""width:1em; height:1em;"" /></span><span class=""url-icon""><img alt=[泪] src=""https://h5.sinaimg.cn/m/emoticon/icon/default/d_lei-4cdf6ee412.png"" style=""width:1em; height:1em;"" /></span><span class=""url-icon""><img alt=[泪] src=""https://h5.sinaimg.cn/m/emoticon/icon/default/d_lei-4cdf6ee412.png"" style=""width:1em; height:1em;"" /></span><span class=""url-icon""><img alt=[泪] src=""https://h5.sinaimg.cn/m/emoticon/icon/default/d_lei-4cdf6ee412.png"" style=""width:1em; height:1em;"" /></span>",8
5007786747103443,O3gzgtNVF,6557473336,封茗囧菌的啊团,封茗囧菌超话以后的巡演大多会使用秀动app和票务相关，大家可以关注一下！『十年之约』使用秀动买票的朋友们也可以上传照片，来记录一下这段美好的经历,,,,,6,48,204,2024-03-03 10:27,封茗囧菌超话,"https://wx1.sinaimg.cn/large/0079MumYly1hndla923z5j30n01dsk0a.jpg,https://wx4.sinaimg.cn/large/0079MumYly1hndla8kmqlj30n01dsn4f.jpg",,,陕西,普通用户,7599682778,枞枞cccc,Sun Mar 03 16:51:05 +0800 2024,"好嘟<span class=""url-icon""><img alt=[抱一抱] src=""https://h5.sinaimg.cn/m/emoticon/icon/default/co_a1hug-f3910d0e88.png"" style=""width:1em; height:1em;"" /></span>  蹲蹲南京!",3
5007786747103443,O3gzgtNVF,6557473336,封茗囧菌的啊团,封茗囧菌超话以后的巡演大多会使用秀动app和票务相关，大家可以关注一下！『十年之约』使用秀动买票的朋友们也可以上传照片，来记录一下这段美好的经历,,,,,6,48,204,2024-03-03 10:27,封茗囧菌超话,"https://wx1.sinaimg.cn/large/0079MumYly1hndla923z5j30n01dsk0a.jpg,https://wx4.sinaimg.cn/large/0079MumYly1hndla8kmqlj30n01dsn4f.jpg",,,陕西,普通用户,7741843249,曹然莹X,Tue Mar 05 16:33:10 +0800 2024,"我才知道<span class=""url-icon""><img alt=""[苦涩]"" src=""https://face.t.sinajs.cn/t4/appstyle/expression/ext/normal/7e/2021_bitter_org.png"" style=""width:1em; height:1em;"" /></span>",0
5007786747103443,O3gzgtNVF,6557473336,封茗囧菌的啊团,封茗囧菌超话以后的巡演大多会使用秀动app和票务相关，大家可以关注一下！『十年之约』使用秀动买票的朋友们也可以上传照片，来记录一下这段美好的经历,,,,,6,48,204,2024-03-03 10:27,封茗囧菌超话,"https://wx1.sinaimg.cn/large/0079MumYly1hndla923z5j30n01dsk0a.jpg,https://wx4.sinaimg.cn/large/0079MumYly1hndla8kmqlj30n01dsn4f.jpg",,,陕西,普通用户,6590719979,神也梦春秋_,Tue Mar 05 09:34:32 +0800 2024,南京南京！,1
5007785739423099,O3gxDDxnt,5425621247,-猫猫荼-,封茗囧菌超话也是挂上了，柠檬茶的味道,,,,,0,2,7,2024-03-03 10:23,封茗囧菌超话,https://wx4.sinaimg.cn/large/005VblW7ly1hndlcg58xvj32c03401ky.jpg,,,江苏,普通用户,7612281601,SOKG王昱元,Mon Mar 04 00:03:22 +0800 2024,好可爱,0
5007785739423099,O3gxDDxnt,5425621247,-猫猫荼-,封茗囧菌超话也是挂上了，柠檬茶的味道,,,,,0,2,7,2024-03-03 10:23,封茗囧菌超话,https://wx4.sinaimg.cn/large/005VblW7ly1hndlcg58xvj32c03401ky.jpg,,,江苏,普通用户,6111128631,窗前明月光Rachel,Mon Mar 04 11:13:03 +0800 2024,可可爱爱,0
5007690359112280,O3e3NCewg,7735035764,将死未死之青,？。几年前的歌怎么现在还在营销,,,,,0,3,5,2024-03-03 04:04,OPPO Reno7 SE 5G,https://wx1.sinaimg.cn/large/008rtq9mgy1hndae9g0l9j30qo0icdi3.jpg,,,广东,普通用户,7735035764,将死未死之青,Sun Mar 03 04:05:21 +0800 2024,还是爱听原唱 感觉真人翻唱完全没有感觉,3
5007690359112280,O3e3NCewg,7735035764,将死未死之青,？。几年前的歌怎么现在还在营销,,,,,0,3,5,2024-03-03 04:04,OPPO Reno7 SE 5G,https://wx1.sinaimg.cn/large/008rtq9mgy1hndae9g0l9j30qo0icdi3.jpg,,,广东,普通用户,5983434413,小迎吃包包,Sun Mar 03 04:17:26 +0800 2024,这不是我们家孩子小洛的歌吗,0
5007636249970399,O3cEwFPKT,7703430055,江南第一高冷L,我在封茗囧菌超话连续签到100天，获得了“签程似锦”头衔。心中有光，奔赴热爱,,,,,0,2,3,2024-03-03 00:29,封茗囧菌超话,https://wx1.sinaimg.cn/large/008pkO3Rly1hnd46ubhv6j30u01oatdd.jpg,,,浙江,普通用户,6114444957,freedonnj,Sun Mar 03 08:41:06 +0800 2024,"恭喜<span class=""url-icon""><img alt=[打call] src=""https://h5.sinaimg.cn/m/emoticon/icon/default/fb_a1dacall-1e0c4593fc.png"" style=""width:1em; height:1em;"" /></span>",0
5007636249970399,O3cEwFPKT,7703430055,江南第一高冷L,我在封茗囧菌超话连续签到100天，获得了“签程似锦”头衔。心中有光，奔赴热爱,,,,,0,2,3,2024-03-03 00:29,封茗囧菌超话,https://wx1.sinaimg.cn/large/008pkO3Rly1hnd46ubhv6j30u01oatdd.jpg,,,浙江,普通用户,7267867096,一只拾安安,Sun Mar 03 08:30:03 +0800 2024,"<span class=""url-icon""><img alt=[打call] src=""https://h5.sinaimg.cn/m/emoticon/icon/default/fb_a1dacall-1e0c4593fc.png"" style=""width:1em; height:1em;"" /></span><span class=""url-icon""><img alt=[打call] src=""https://h5.sinaimg.cn/m/emoticon/icon/default/fb_a1dacall-1e0c4593fc.png"" style=""width:1em; height:1em;"" /></span>",0
5007632460939348,O3cyq3WmM,7612281601,SOKG王昱元,封茗囧菌超话春鹊小鸣岁城谣，故月凉映画如梦且听风吟扬州曲，芳华花雨游慢巷缭烟轻绕嫣尘岚，曦夜抚洄煖暮颜茗兰拂落浮云晨，泖柳随舟淌江帘喜欢的tt，爱上的♥故花开满嫣云晨茗汐载舟洄梦涧瀞泖抚柳淌江帘雨落风裳拂溪水煖日轻浮烟尘暮桃兰芳绕夜月窗夕曦艳映寒岚颜如观春鹤翔远边,,,,,1,4,18,2024-03-03 00:14,封茗囧菌超话,"https://wx3.sinaimg.cn/large/008jambvgy1hnd3p1ogc1j30qo1bfaep.jpg,https://wx4.sinaimg.cn/large/008jambvgy1hnd3pqwag6j30qo1bf434.jpg,https://wx3.sinaimg.cn/large/008jambvgy1hnd3qalgj1j30qo1bfjvm.jpg,https://wx3.sinaimg.cn/large/008jambvgy1hnd3qsmnnij30qo1bf42w.jpg",,,马来西亚,普通用户,7428129288,涂纳斯_sama,Sun Mar 03 09:50:00 +0800 2024,tt,1
5007632460939348,O3cyq3WmM,7612281601,SOKG王昱元,封茗囧菌超话春鹊小鸣岁城谣，故月凉映画如梦且听风吟扬州曲，芳华花雨游慢巷缭烟轻绕嫣尘岚，曦夜抚洄煖暮颜茗兰拂落浮云晨，泖柳随舟淌江帘喜欢的tt，爱上的♥故花开满嫣云晨茗汐载舟洄梦涧瀞泖抚柳淌江帘雨落风裳拂溪水煖日轻浮烟尘暮桃兰芳绕夜月窗夕曦艳映寒岚颜如观春鹤翔远边,,,,,1,4,18,2024-03-03 00:14,封茗囧菌超话,"https://wx3.sinaimg.cn/large/008jambvgy1hnd3p1ogc1j30qo1bfaep.jpg,https://wx4.sinaimg.cn/large/008jambvgy1hnd3pqwag6j30qo1bf434.jpg,https://wx3.sinaimg.cn/large/008jambvgy1hnd3qalgj1j30qo1bfjvm.jpg,https://wx3.sinaimg.cn/large/008jambvgy1hnd3qsmnnij30qo1bf42w.jpg",,,马来西亚,普通用户,6114444957,freedonnj,Sun Mar 03 08:41:14 +0800 2024,tt,1
5007632460939348,O3cyq3WmM,7612281601,SOKG王昱元,封茗囧菌超话春鹊小鸣岁城谣，故月凉映画如梦且听风吟扬州曲，芳华花雨游慢巷缭烟轻绕嫣尘岚，曦夜抚洄煖暮颜茗兰拂落浮云晨，泖柳随舟淌江帘喜欢的tt，爱上的♥故花开满嫣云晨茗汐载舟洄梦涧瀞泖抚柳淌江帘雨落风裳拂溪水煖日轻浮烟尘暮桃兰芳绕夜月窗夕曦艳映寒岚颜如观春鹤翔远边,,,,,1,4,18,2024-03-03 00:14,封茗囧菌超话,"https://wx3.sinaimg.cn/large/008jambvgy1hnd3p1ogc1j30qo1bfaep.jpg,https://wx4.sinaimg.cn/large/008jambvgy1hnd3pqwag6j30qo1bf434.jpg,https://wx3.sinaimg.cn/large/008jambvgy1hnd3qalgj1j30qo1bfjvm.jpg,https://wx3.sinaimg.cn/large/008jambvgy1hnd3qsmnnij30qo1bf42w.jpg",,,马来西亚,普通用户,7373422228,赶紧跟我晚安,Tue Mar 05 22:15:27 +0800 2024,t t,1
5007632460939348,O3cyq3WmM,7612281601,SOKG王昱元,封茗囧菌超话春鹊小鸣岁城谣，故月凉映画如梦且听风吟扬州曲，芳华花雨游慢巷缭烟轻绕嫣尘岚，曦夜抚洄煖暮颜茗兰拂落浮云晨，泖柳随舟淌江帘喜欢的tt，爱上的♥故花开满嫣云晨茗汐载舟洄梦涧瀞泖抚柳淌江帘雨落风裳拂溪水煖日轻浮烟尘暮桃兰芳绕夜月窗夕曦艳映寒岚颜如观春鹤翔远边,,,,,1,4,18,2024-03-03 00:14,封茗囧菌超话,"https://wx3.sinaimg.cn/large/008jambvgy1hnd3p1ogc1j30qo1bfaep.jpg,https://wx4.sinaimg.cn/large/008jambvgy1hnd3pqwag6j30qo1bf434.jpg,https://wx3.sinaimg.cn/large/008jambvgy1hnd3qalgj1j30qo1bfjvm.jpg,https://wx3.sinaimg.cn/large/008jambvgy1hnd3qsmnnij30qo1bf42w.jpg",,,马来西亚,普通用户,6657672657,青梦明菌,Sun Mar 03 00:15:25 +0800 2024,tt,1
5007628797478876,O3csvvnB2,7868223397,醇饷,杨博文YBW超话🐏#杨博文四代第一主舞#【创作官互动】你们最喜欢的音乐人是谁啊，我是洛少爷和封茗囧菌@TF家族-杨博文YBW,,,TF家族-杨博文YBW,杨博文 四代第一主舞,2,32,19,2024-03-03 00:00,杨博文YBW超话,https://wx4.sinaimg.cn/large/008AugkZgy1hnd3byhmokj30u0140tc7.jpg,,,四川,黄V,7561836616,SS华哥,Sun Mar 03 11:52:00 +0800 2024,step. jad依加,1
5007628797478876,O3csvvnB2,7868223397,醇饷,杨博文YBW超话🐏#杨博文四代第一主舞#【创作官互动】你们最喜欢的音乐人是谁啊，我是洛少爷和封茗囧菌@TF家族-杨博文YBW,,,TF家族-杨博文YBW,杨博文 四代第一主舞,2,32,19,2024-03-03 00:00,杨博文YBW超话,https://wx4.sinaimg.cn/large/008AugkZgy1hnd3byhmokj30u0140tc7.jpg,,,四川,黄V,7436124922,小羊噜噜_YBW,Sun Mar 03 00:01:25 +0800 2024,汪苏泷,1
5007628797478876,O3csvvnB2,7868223397,醇饷,杨博文YBW超话🐏#杨博文四代第一主舞#【创作官互动】你们最喜欢的音乐人是谁啊，我是洛少爷和封茗囧菌@TF家族-杨博文YBW,,,TF家族-杨博文YBW,杨博文 四代第一主舞,2,32,19,2024-03-03 00:00,杨博文YBW超话,https://wx4.sinaimg.cn/large/008AugkZgy1hnd3byhmokj30u0140tc7.jpg,,,四川,黄V,7813957217,白榆禧佑_suki,Sun Mar 03 01:10:26 +0800 2024,余佳运 很喜欢他的歌,1
5007628797478876,O3csvvnB2,7868223397,醇饷,杨博文YBW超话🐏#杨博文四代第一主舞#【创作官互动】你们最喜欢的音乐人是谁啊，我是洛少爷和封茗囧菌@TF家族-杨博文YBW,,,TF家族-杨博文YBW,杨博文 四代第一主舞,2,32,19,2024-03-03 00:00,杨博文YBW超话,https://wx4.sinaimg.cn/large/008AugkZgy1hnd3byhmokj30u0140tc7.jpg,,,四川,黄V,7509187438,今天加满U,Sun Mar 03 00:05:59 +0800 2024,霉妈,1
5007628797478876,O3csvvnB2,7868223397,醇饷,杨博文YBW超话🐏#杨博文四代第一主舞#【创作官互动】你们最喜欢的音乐人是谁啊，我是洛少爷和封茗囧菌@TF家族-杨博文YBW,,,TF家族-杨博文YBW,杨博文 四代第一主舞,2,32,19,2024-03-03 00:00,杨博文YBW超话,https://wx4.sinaimg.cn/large/008AugkZgy1hnd3byhmokj30u0140tc7.jpg,,,四川,黄V,7900730542,文学羊咩,Sun Mar 03 00:12:51 +0800 2024,方大同,1
5007628797478876,O3csvvnB2,7868223397,醇饷,杨博文YBW超话🐏#杨博文四代第一主舞#【创作官互动】你们最喜欢的音乐人是谁啊，我是洛少爷和封茗囧菌@TF家族-杨博文YBW,,,TF家族-杨博文YBW,杨博文 四代第一主舞,2,32,19,2024-03-03 00:00,杨博文YBW超话,https://wx4.sinaimg.cn/large/008AugkZgy1hnd3byhmokj30u0140tc7.jpg,,,四川,黄V,3315579141,龚俊爱的小蘑菇,Sun Mar 03 00:11:27 +0800 2024,欧美 doja cat  A-lin,1
5007628797478876,O3csvvnB2,7868223397,醇饷,杨博文YBW超话🐏#杨博文四代第一主舞#【创作官互动】你们最喜欢的音乐人是谁啊，我是洛少爷和封茗囧菌@TF家族-杨博文YBW,,,TF家族-杨博文YBW,杨博文 四代第一主舞,2,32,19,2024-03-03 00:00,杨博文YBW超话,https://wx4.sinaimg.cn/large/008AugkZgy1hnd3byhmokj30u0140tc7.jpg,,,四川,黄V,7816736283,桑榆白羊,Sun Mar 03 01:25:45 +0800 2024,薛之谦,1
5007628797478876,O3csvvnB2,7868223397,醇饷,杨博文YBW超话🐏#杨博文四代第一主舞#【创作官互动】你们最喜欢的音乐人是谁啊，我是洛少爷和封茗囧菌@TF家族-杨博文YBW,,,TF家族-杨博文YBW,杨博文 四代第一主舞,2,32,19,2024-03-03 00:00,杨博文YBW超话,https://wx4.sinaimg.cn/large/008AugkZgy1hnd3byhmokj30u0140tc7.jpg,,,四川,黄V,7289270852,云逸潇潇,Sun Mar 03 01:22:37 +0800 2024,邓紫棋,1
5007628797478876,O3csvvnB2,7868223397,醇饷,杨博文YBW超话🐏#杨博文四代第一主舞#【创作官互动】你们最喜欢的音乐人是谁啊，我是洛少爷和封茗囧菌@TF家族-杨博文YBW,,,TF家族-杨博文YBW,杨博文 四代第一主舞,2,32,19,2024-03-03 00:00,杨博文YBW超话,https://wx4.sinaimg.cn/large/008AugkZgy1hnd3byhmokj30u0140tc7.jpg,,,四川,黄V,5667959216,我有一个突发奇想的心情,Sun Mar 03 00:06:47 +0800 2024,"以前全民K歌粉的男唱见都塌房了<span class=""url-icon""><img alt=[可爱] src=""https://h5.sinaimg.cn/m/emoticon/icon/default/d_keai-9aae643ce8.png"" style=""width:1em; height:1em;"" /></span><span class=""url-icon""><img alt=[可爱] src=""https://h5.sinaimg.cn/m/emoticon/icon/default/d_keai-9aae643ce8.png"" style=""width:1em; height:1em;"" /></span>现在没有最喜欢了<span class=""url-icon""><img alt=[可爱] src=""https://h5.sinaimg.cn/m/emoticon/icon/default/d_keai-9aae643ce8.png"" style=""width:1em; height:1em;"" /></span>",1
5007628797478876,O3csvvnB2,7868223397,醇饷,杨博文YBW超话🐏#杨博文四代第一主舞#【创作官互动】你们最喜欢的音乐人是谁啊，我是洛少爷和封茗囧菌@TF家族-杨博文YBW,,,TF家族-杨博文YBW,杨博文 四代第一主舞,2,32,19,2024-03-03 00:00,杨博文YBW超话,https://wx4.sinaimg.cn/large/008AugkZgy1hnd3byhmokj30u0140tc7.jpg,,,四川,黄V,6553332916,养一棵小白杨,Sun Mar 03 00:05:35 +0800 2024,林俊杰,1
5007357224157937,O35ouhrFv,6338349340,祢de茗zi,封茗囧菌超话我成为封茗囧菌超话超FUN啦发帖纪念一下~,,,,,0,4,5,2024-03-02 06:00,封茗囧菌超话,https://wx1.sinaimg.cn/large/006UX4cYly1hnc8580lvej30wr1z0qv5.jpg,,,上海,普通用户,7612281601,SOKG王昱元,Sun Mar 03 00:06:35 +0800 2024,恭喜恭喜,0
5007357224157937,O35ouhrFv,6338349340,祢de茗zi,封茗囧菌超话我成为封茗囧菌超话超FUN啦发帖纪念一下~,,,,,0,4,5,2024-03-02 06:00,封茗囧菌超话,https://wx1.sinaimg.cn/large/006UX4cYly1hnc8580lvej30wr1z0qv5.jpg,,,上海,普通用户,6114444957,freedonnj,Sat Mar 02 09:29:11 +0800 2024,恭喜恭喜,0
5007357224157937,O35ouhrFv,6338349340,祢de茗zi,封茗囧菌超话我成为封茗囧菌超话超FUN啦发帖纪念一下~,,,,,0,4,5,2024-03-02 06:00,封茗囧菌超话,https://wx1.sinaimg.cn/large/006UX4cYly1hnc8580lvej30wr1z0qv5.jpg,,,上海,普通用户,7262942477,歆慕XINMU,Sun Mar 03 08:30:45 +0800 2024,"恭喜恭喜<span class=""url-icon""><img alt=[打call] src=""https://h5.sinaimg.cn/m/emoticon/icon/default/fb_a1dacall-1e0c4593fc.png"" style=""width:1em; height:1em;"" /></span>",0
5007357224157937,O35ouhrFv,6338349340,祢de茗zi,封茗囧菌超话我成为封茗囧菌超话超FUN啦发帖纪念一下~,,,,,0,4,5,2024-03-02 06:00,封茗囧菌超话,https://wx1.sinaimg.cn/large/006UX4cYly1hnc8580lvej30wr1z0qv5.jpg,,,上海,普通用户,7262942477,歆慕XINMU,Sat Mar 02 09:40:11 +0800 2024,"恭喜恭喜<span class=""url-icon""><img alt=[打call] src=""https://h5.sinaimg.cn/m/emoticon/icon/default/fb_a1dacall-1e0c4593fc.png"" style=""width:1em; height:1em;"" /></span>",0
5007273305572493,O33d8nnEV,7612281601,SOKG王昱元,封茗囧菌超话醉花游落阴雨巷，旧嫣夕阳颜尘暮轻执笔冠拂画堂，若如初见瀞梦岚茗茶芳满故泖城，玉指抚淌烟云柳霁月曦日洄汐乡，峻雾浮绕崤峰涧喜欢的tt，爱上的♥瀞笔游淌烟泖岚花灯轻落茗柳巷春风拂尘艳嫣阳晨曦浮映日暮颜载月舟行故梦帘云汐芳抚红煖裳如迎桃花满江岸峻雾洄绕柳兰涧,,,,,1,11,28,2024-03-02 00:27,封茗囧菌超话,"https://wx4.sinaimg.cn/large/008jambvgy1hnbyhmxmspj31bg0qodjb.jpg,https://wx4.sinaimg.cn/large/008jambvgy1hnbyhoztcpj31bg0qo422.jpg,https://wx2.sinaimg.cn/large/008jambvgy1hnbyhwcxcpj31bg0qo423.jpg,https://wx4.sinaimg.cn/large/008jambvgy1hnbyi8qrevj31bg0qo0we.jpg",,,马来西亚,普通用户,7775721831,封洛少主,Sat Mar 02 07:57:01 +0800 2024,"你真的很喜欢岚这个字<span class=""url-icon""><img alt=[doge] src=""https://h5.sinaimg.cn/m/emoticon/icon/others/d_doge-be7f768d78.png"" style=""width:1em; height:1em;"" /></span>",6
5007273305572493,O33d8nnEV,7612281601,SOKG王昱元,封茗囧菌超话醉花游落阴雨巷，旧嫣夕阳颜尘暮轻执笔冠拂画堂，若如初见瀞梦岚茗茶芳满故泖城，玉指抚淌烟云柳霁月曦日洄汐乡，峻雾浮绕崤峰涧喜欢的tt，爱上的♥瀞笔游淌烟泖岚花灯轻落茗柳巷春风拂尘艳嫣阳晨曦浮映日暮颜载月舟行故梦帘云汐芳抚红煖裳如迎桃花满江岸峻雾洄绕柳兰涧,,,,,1,11,28,2024-03-02 00:27,封茗囧菌超话,"https://wx4.sinaimg.cn/large/008jambvgy1hnbyhmxmspj31bg0qodjb.jpg,https://wx4.sinaimg.cn/large/008jambvgy1hnbyhoztcpj31bg0qo422.jpg,https://wx2.sinaimg.cn/large/008jambvgy1hnbyhwcxcpj31bg0qo423.jpg,https://wx4.sinaimg.cn/large/008jambvgy1hnbyi8qrevj31bg0qo0we.jpg",,,马来西亚,普通用户,6114444957,freedonnj,Sat Mar 02 09:29:26 +0800 2024,tt,1
5007273305572493,O33d8nnEV,7612281601,SOKG王昱元,封茗囧菌超话醉花游落阴雨巷，旧嫣夕阳颜尘暮轻执笔冠拂画堂，若如初见瀞梦岚茗茶芳满故泖城，玉指抚淌烟云柳霁月曦日洄汐乡，峻雾浮绕崤峰涧喜欢的tt，爱上的♥瀞笔游淌烟泖岚花灯轻落茗柳巷春风拂尘艳嫣阳晨曦浮映日暮颜载月舟行故梦帘云汐芳抚红煖裳如迎桃花满江岸峻雾洄绕柳兰涧,,,,,1,11,28,2024-03-02 00:27,封茗囧菌超话,"https://wx4.sinaimg.cn/large/008jambvgy1hnbyhmxmspj31bg0qodjb.jpg,https://wx4.sinaimg.cn/large/008jambvgy1hnbyhoztcpj31bg0qo422.jpg,https://wx2.sinaimg.cn/large/008jambvgy1hnbyhwcxcpj31bg0qo423.jpg,https://wx4.sinaimg.cn/large/008jambvgy1hnbyi8qrevj31bg0qo0we.jpg",,,马来西亚,普通用户,6372851092,陆岁蠢小孩,Sat Mar 02 10:58:04 +0800 2024,"tt<span class=""url-icon""><img alt=[doge] src=""https://h5.sinaimg.cn/m/emoticon/icon/others/d_doge-be7f768d78.png"" style=""width:1em; height:1em;"" /></span>",1
5007273305572493,O33d8nnEV,7612281601,SOKG王昱元,封茗囧菌超话醉花游落阴雨巷，旧嫣夕阳颜尘暮轻执笔冠拂画堂，若如初见瀞梦岚茗茶芳满故泖城，玉指抚淌烟云柳霁月曦日洄汐乡，峻雾浮绕崤峰涧喜欢的tt，爱上的♥瀞笔游淌烟泖岚花灯轻落茗柳巷春风拂尘艳嫣阳晨曦浮映日暮颜载月舟行故梦帘云汐芳抚红煖裳如迎桃花满江岸峻雾洄绕柳兰涧,,,,,1,11,28,2024-03-02 00:27,封茗囧菌超话,"https://wx4.sinaimg.cn/large/008jambvgy1hnbyhmxmspj31bg0qodjb.jpg,https://wx4.sinaimg.cn/large/008jambvgy1hnbyhoztcpj31bg0qo422.jpg,https://wx2.sinaimg.cn/large/008jambvgy1hnbyhwcxcpj31bg0qo423.jpg,https://wx4.sinaimg.cn/large/008jambvgy1hnbyi8qrevj31bg0qo0we.jpg",,,马来西亚,普通用户,6111128631,窗前明月光Rachel,Mon Mar 04 11:15:36 +0800 2024,两年前的囧菌,1
5007273305572493,O33d8nnEV,7612281601,SOKG王昱元,封茗囧菌超话醉花游落阴雨巷，旧嫣夕阳颜尘暮轻执笔冠拂画堂，若如初见瀞梦岚茗茶芳满故泖城，玉指抚淌烟云柳霁月曦日洄汐乡，峻雾浮绕崤峰涧喜欢的tt，爱上的♥瀞笔游淌烟泖岚花灯轻落茗柳巷春风拂尘艳嫣阳晨曦浮映日暮颜载月舟行故梦帘云汐芳抚红煖裳如迎桃花满江岸峻雾洄绕柳兰涧,,,,,1,11,28,2024-03-02 00:27,封茗囧菌超话,"https://wx4.sinaimg.cn/large/008jambvgy1hnbyhmxmspj31bg0qodjb.jpg,https://wx4.sinaimg.cn/large/008jambvgy1hnbyhoztcpj31bg0qo422.jpg,https://wx2.sinaimg.cn/large/008jambvgy1hnbyhwcxcpj31bg0qo423.jpg,https://wx4.sinaimg.cn/large/008jambvgy1hnbyi8qrevj31bg0qo0we.jpg",,,马来西亚,普通用户,7428129288,涂纳斯_sama,Sat Mar 02 10:33:47 +0800 2024,tt,1
5007218672144231,O31N18ZOn,6749669687,封七岁-,突然就白嫖到钻粉1噜[锦鲤附体][锦鲤附体]封茗囧菌超话#封茗囧菌#,,,,封茗囧菌,0,5,6,2024-03-01 20:50,封茗囧菌超话,https://wx4.sinaimg.cn/large/007mMVq7ly1hnbs7t4sn4j30u01uoqfr.jpg,,,江苏,普通用户,7842915323,益笙菌啦啦_camellia,Mon Mar 11 19:00:47 +0800 2024,你😐这也能叫白嫖啊,0
5007218672144231,O31N18ZOn,6749669687,封七岁-,突然就白嫖到钻粉1噜[锦鲤附体][锦鲤附体]封茗囧菌超话#封茗囧菌#,,,,封茗囧菌,0,5,6,2024-03-01 20:50,封茗囧菌超话,https://wx4.sinaimg.cn/large/007mMVq7ly1hnbs7t4sn4j30u01uoqfr.jpg,,,江苏,普通用户,7612281601,SOKG王昱元,Fri Mar 01 22:01:35 +0800 2024,恭喜恭喜,0
5007218672144231,O31N18ZOn,6749669687,封七岁-,突然就白嫖到钻粉1噜[锦鲤附体][锦鲤附体]封茗囧菌超话#封茗囧菌#,,,,封茗囧菌,0,5,6,2024-03-01 20:50,封茗囧菌超话,https://wx4.sinaimg.cn/large/007mMVq7ly1hnbs7t4sn4j30u01uoqfr.jpg,,,江苏,普通用户,6558910463,封茗缘雨,Fri Mar 01 23:14:13 +0800 2024,"恭喜恭喜，我看到我了<span class=""url-icon""><img alt=[笑而不语] src=""https://h5.sinaimg.cn/m/emoticon/icon/default/d_heiheihei-5170f2f55c.png"" style=""width:1em; height:1em;"" /></span>",1
5007218672144231,O31N18ZOn,6749669687,封七岁-,突然就白嫖到钻粉1噜[锦鲤附体][锦鲤附体]封茗囧菌超话#封茗囧菌#,,,,封茗囧菌,0,5,6,2024-03-01 20:50,封茗囧菌超话,https://wx4.sinaimg.cn/large/007mMVq7ly1hnbs7t4sn4j30u01uoqfr.jpg,,,江苏,普通用户,7812127712,柳心不吃馒头,Fri Mar 01 22:25:04 +0800 2024,"好快<span class=""url-icon""><img alt=[泪] src=""https://h5.sinaimg.cn/m/emoticon/icon/default/d_lei-4cdf6ee412.png"" style=""width:1em; height:1em;"" /></span>",0
5007193944622649,O3198joyR,2768712265,洛劫,很开心能够参加馒头的广州个唱！有幸当了一次后台放音乐老师，第一次去LiveHouse，大家都好热情！玩的非常开心！封茗囧菌超话,,,,,0,22,80,2024-03-01 19:12,封茗囧菌超话,"https://wx1.sinaimg.cn/large/a5073249ly1hnbpdwlcsgj218z0u04a6.jpg,https://wx2.sinaimg.cn/large/a5073249ly1hnbpdy9cvjj22yo1o24qr.jpg,https://wx4.sinaimg.cn/large/a5073249ly1hnbpdzjohuj23kw20gu0z.jpg,https://wx4.sinaimg.cn/large/a5073249ly1hnbpe0o05kj23k028jx6p.jpg,https://wx4.sinaimg.cn/large/a5073249ly1hnbpe18yadj21900u0dxt.jpg,https://wx2.sinaimg.cn/large/a5073249ly1hnbpe3a1axj23402c0kjn.jpg,https://wx4.sinaimg.cn/large/a5073249ly1hnbpe3qdtgj21400u0k1a.jpg,https://wx1.sinaimg.cn/large/a5073249ly1hnbpe42y7tj21400u0k9a.jpg,https://wx2.sinaimg.cn/large/a5073249ly1hnbpe59qbnj220g3kw1kz.jpg",,,北京,普通用户,1316702360,执素兮,Sat Mar 02 18:08:01 +0800 2024,羡慕！！！,0
5007193944622649,O3198joyR,2768712265,洛劫,很开心能够参加馒头的广州个唱！有幸当了一次后台放音乐老师，第一次去LiveHouse，大家都好热情！玩的非常开心！封茗囧菌超话,,,,,0,22,80,2024-03-01 19:12,封茗囧菌超话,"https://wx1.sinaimg.cn/large/a5073249ly1hnbpdwlcsgj218z0u04a6.jpg,https://wx2.sinaimg.cn/large/a5073249ly1hnbpdy9cvjj22yo1o24qr.jpg,https://wx4.sinaimg.cn/large/a5073249ly1hnbpdzjohuj23kw20gu0z.jpg,https://wx4.sinaimg.cn/large/a5073249ly1hnbpe0o05kj23k028jx6p.jpg,https://wx4.sinaimg.cn/large/a5073249ly1hnbpe18yadj21900u0dxt.jpg,https://wx2.sinaimg.cn/large/a5073249ly1hnbpe3a1axj23402c0kjn.jpg,https://wx4.sinaimg.cn/large/a5073249ly1hnbpe3qdtgj21400u0k1a.jpg,https://wx1.sinaimg.cn/large/a5073249ly1hnbpe42y7tj21400u0k9a.jpg,https://wx2.sinaimg.cn/large/a5073249ly1hnbpe59qbnj220g3kw1kz.jpg",,,北京,普通用户,7453445615,慕筱筱x,Fri Mar 01 19:59:48 +0800 2024,"姐姐好suai！！洛姐姐辛苦啦<span class=""url-icon""><img alt=""[赢牛奶]"" src=""https://face.t.sinajs.cn/t4/appstyle/expression/ext/normal/9c/2021_yingniunai_org.png"" style=""width:1em; height:1em;"" /></span><span class=""url-icon""><img alt=""[赢牛奶]"" src=""https://face.t.sinajs.cn/t4/appstyle/expression/ext/normal/9c/2021_yingniunai_org.png"" style=""width:1em; height:1em;"" /></span>",1
5007193944622649,O3198joyR,2768712265,洛劫,很开心能够参加馒头的广州个唱！有幸当了一次后台放音乐老师，第一次去LiveHouse，大家都好热情！玩的非常开心！封茗囧菌超话,,,,,0,22,80,2024-03-01 19:12,封茗囧菌超话,"https://wx1.sinaimg.cn/large/a5073249ly1hnbpdwlcsgj218z0u04a6.jpg,https://wx2.sinaimg.cn/large/a5073249ly1hnbpdy9cvjj22yo1o24qr.jpg,https://wx4.sinaimg.cn/large/a5073249ly1hnbpdzjohuj23kw20gu0z.jpg,https://wx4.sinaimg.cn/large/a5073249ly1hnbpe0o05kj23k028jx6p.jpg,https://wx4.sinaimg.cn/large/a5073249ly1hnbpe18yadj21900u0dxt.jpg,https://wx2.sinaimg.cn/large/a5073249ly1hnbpe3a1axj23402c0kjn.jpg,https://wx4.sinaimg.cn/large/a5073249ly1hnbpe3qdtgj21400u0k1a.jpg,https://wx1.sinaimg.cn/large/a5073249ly1hnbpe42y7tj21400u0k9a.jpg,https://wx2.sinaimg.cn/large/a5073249ly1hnbpe59qbnj220g3kw1kz.jpg",,,北京,普通用户,5792996610,是栀夏不是只虾,Sat Mar 02 13:31:06 +0800 2024,原来白秋老师是男孩子,0
5007193944622649,O3198joyR,2768712265,洛劫,很开心能够参加馒头的广州个唱！有幸当了一次后台放音乐老师，第一次去LiveHouse，大家都好热情！玩的非常开心！封茗囧菌超话,,,,,0,22,80,2024-03-01 19:12,封茗囧菌超话,"https://wx1.sinaimg.cn/large/a5073249ly1hnbpdwlcsgj218z0u04a6.jpg,https://wx2.sinaimg.cn/large/a5073249ly1hnbpdy9cvjj22yo1o24qr.jpg,https://wx4.sinaimg.cn/large/a5073249ly1hnbpdzjohuj23kw20gu0z.jpg,https://wx4.sinaimg.cn/large/a5073249ly1hnbpe0o05kj23k028jx6p.jpg,https://wx4.sinaimg.cn/large/a5073249ly1hnbpe18yadj21900u0dxt.jpg,https://wx2.sinaimg.cn/large/a5073249ly1hnbpe3a1axj23402c0kjn.jpg,https://wx4.sinaimg.cn/large/a5073249ly1hnbpe3qdtgj21400u0k1a.jpg,https://wx1.sinaimg.cn/large/a5073249ly1hnbpe42y7tj21400u0k9a.jpg,https://wx2.sinaimg.cn/large/a5073249ly1hnbpe59qbnj220g3kw1kz.jpg",,,北京,普通用户,6465802330,玫瑰柚子茶u,Sat Mar 02 00:48:37 +0800 2024,哦吼吼！另一个帅哥素随,0
5007193944622649,O3198joyR,2768712265,洛劫,很开心能够参加馒头的广州个唱！有幸当了一次后台放音乐老师，第一次去LiveHouse，大家都好热情！玩的非常开心！封茗囧菌超话,,,,,0,22,80,2024-03-01 19:12,封茗囧菌超话,"https://wx1.sinaimg.cn/large/a5073249ly1hnbpdwlcsgj218z0u04a6.jpg,https://wx2.sinaimg.cn/large/a5073249ly1hnbpdy9cvjj22yo1o24qr.jpg,https://wx4.sinaimg.cn/large/a5073249ly1hnbpdzjohuj23kw20gu0z.jpg,https://wx4.sinaimg.cn/large/a5073249ly1hnbpe0o05kj23k028jx6p.jpg,https://wx4.sinaimg.cn/large/a5073249ly1hnbpe18yadj21900u0dxt.jpg,https://wx2.sinaimg.cn/large/a5073249ly1hnbpe3a1axj23402c0kjn.jpg,https://wx4.sinaimg.cn/large/a5073249ly1hnbpe3qdtgj21400u0k1a.jpg,https://wx1.sinaimg.cn/large/a5073249ly1hnbpe42y7tj21400u0k9a.jpg,https://wx2.sinaimg.cn/large/a5073249ly1hnbpe59qbnj220g3kw1kz.jpg",,,北京,普通用户,7418007440,焦糖草莓酒,Fri Mar 01 20:49:48 +0800 2024,"辛苦啦<span class=""url-icon""><img alt=""[哇]"" src=""https://face.t.sinajs.cn/t4/appstyle/expression/ext/normal/3d/2022_wow_org.png"" style=""width:1em; height:1em;"" /></span>",0
5007193944622649,O3198joyR,2768712265,洛劫,很开心能够参加馒头的广州个唱！有幸当了一次后台放音乐老师，第一次去LiveHouse，大家都好热情！玩的非常开心！封茗囧菌超话,,,,,0,22,80,2024-03-01 19:12,封茗囧菌超话,"https://wx1.sinaimg.cn/large/a5073249ly1hnbpdwlcsgj218z0u04a6.jpg,https://wx2.sinaimg.cn/large/a5073249ly1hnbpdy9cvjj22yo1o24qr.jpg,https://wx4.sinaimg.cn/large/a5073249ly1hnbpdzjohuj23kw20gu0z.jpg,https://wx4.sinaimg.cn/large/a5073249ly1hnbpe0o05kj23k028jx6p.jpg,https://wx4.sinaimg.cn/large/a5073249ly1hnbpe18yadj21900u0dxt.jpg,https://wx2.sinaimg.cn/large/a5073249ly1hnbpe3a1axj23402c0kjn.jpg,https://wx4.sinaimg.cn/large/a5073249ly1hnbpe3qdtgj21400u0k1a.jpg,https://wx1.sinaimg.cn/large/a5073249ly1hnbpe42y7tj21400u0k9a.jpg,https://wx2.sinaimg.cn/large/a5073249ly1hnbpe59qbnj220g3kw1kz.jpg",,,北京,普通用户,5410802415,FlyMyWings_,Sat Mar 02 13:26:53 +0800 2024,"期待下次见到你！！！！！我会想念你的！！！<span class=""url-icon""><img alt=[打call] src=""https://h5.sinaimg.cn/m/emoticon/icon/default/fb_a1dacall-1e0c4593fc.png"" style=""width:1em; height:1em;"" /></span><span class=""url-icon""><img alt=[打call] src=""https://h5.sinaimg.cn/m/emoticon/icon/default/fb_a1dacall-1e0c4593fc.png"" style=""width:1em; height:1em;"" /></span><span class=""url-icon""><img alt=[打call] src=""https://h5.sinaimg.cn/m/emoticon/icon/default/fb_a1dacall-1e0c4593fc.png"" style=""width:1em; height:1em;"" /></span>",0
5007193944622649,O3198joyR,2768712265,洛劫,很开心能够参加馒头的广州个唱！有幸当了一次后台放音乐老师，第一次去LiveHouse，大家都好热情！玩的非常开心！封茗囧菌超话,,,,,0,22,80,2024-03-01 19:12,封茗囧菌超话,"https://wx1.sinaimg.cn/large/a5073249ly1hnbpdwlcsgj218z0u04a6.jpg,https://wx2.sinaimg.cn/large/a5073249ly1hnbpdy9cvjj22yo1o24qr.jpg,https://wx4.sinaimg.cn/large/a5073249ly1hnbpdzjohuj23kw20gu0z.jpg,https://wx4.sinaimg.cn/large/a5073249ly1hnbpe0o05kj23k028jx6p.jpg,https://wx4.sinaimg.cn/large/a5073249ly1hnbpe18yadj21900u0dxt.jpg,https://wx2.sinaimg.cn/large/a5073249ly1hnbpe3a1axj23402c0kjn.jpg,https://wx4.sinaimg.cn/large/a5073249ly1hnbpe3qdtgj21400u0k1a.jpg,https://wx1.sinaimg.cn/large/a5073249ly1hnbpe42y7tj21400u0k9a.jpg,https://wx2.sinaimg.cn/large/a5073249ly1hnbpe59qbnj220g3kw1kz.jpg",,,北京,普通用户,7771384603,在说雨F,Sun Mar 31 22:01:06 +0800 2024,下次还有吗，比如上海,1
5007193944622649,O3198joyR,2768712265,洛劫,很开心能够参加馒头的广州个唱！有幸当了一次后台放音乐老师，第一次去LiveHouse，大家都好热情！玩的非常开心！封茗囧菌超话,,,,,0,22,80,2024-03-01 19:12,封茗囧菌超话,"https://wx1.sinaimg.cn/large/a5073249ly1hnbpdwlcsgj218z0u04a6.jpg,https://wx2.sinaimg.cn/large/a5073249ly1hnbpdy9cvjj22yo1o24qr.jpg,https://wx4.sinaimg.cn/large/a5073249ly1hnbpdzjohuj23kw20gu0z.jpg,https://wx4.sinaimg.cn/large/a5073249ly1hnbpe0o05kj23k028jx6p.jpg,https://wx4.sinaimg.cn/large/a5073249ly1hnbpe18yadj21900u0dxt.jpg,https://wx2.sinaimg.cn/large/a5073249ly1hnbpe3a1axj23402c0kjn.jpg,https://wx4.sinaimg.cn/large/a5073249ly1hnbpe3qdtgj21400u0k1a.jpg,https://wx1.sinaimg.cn/large/a5073249ly1hnbpe42y7tj21400u0k9a.jpg,https://wx2.sinaimg.cn/large/a5073249ly1hnbpe59qbnj220g3kw1kz.jpg",,,北京,普通用户,6015776330,瀚彩凝,Sun Mar 03 10:08:45 +0800 2024,"狠狠羡慕了！<span class=""url-icon""><img alt=[酸] src=""https://h5.sinaimg.cn/m/emoticon/icon/others/h_suan-3b771f8aef.png"" style=""width:1em; height:1em;"" /></span>",0
5007193944622649,O3198joyR,2768712265,洛劫,很开心能够参加馒头的广州个唱！有幸当了一次后台放音乐老师，第一次去LiveHouse，大家都好热情！玩的非常开心！封茗囧菌超话,,,,,0,22,80,2024-03-01 19:12,封茗囧菌超话,"https://wx1.sinaimg.cn/large/a5073249ly1hnbpdwlcsgj218z0u04a6.jpg,https://wx2.sinaimg.cn/large/a5073249ly1hnbpdy9cvjj22yo1o24qr.jpg,https://wx4.sinaimg.cn/large/a5073249ly1hnbpdzjohuj23kw20gu0z.jpg,https://wx4.sinaimg.cn/large/a5073249ly1hnbpe0o05kj23k028jx6p.jpg,https://wx4.sinaimg.cn/large/a5073249ly1hnbpe18yadj21900u0dxt.jpg,https://wx2.sinaimg.cn/large/a5073249ly1hnbpe3a1axj23402c0kjn.jpg,https://wx4.sinaimg.cn/large/a5073249ly1hnbpe3qdtgj21400u0k1a.jpg,https://wx1.sinaimg.cn/large/a5073249ly1hnbpe42y7tj21400u0k9a.jpg,https://wx2.sinaimg.cn/large/a5073249ly1hnbpe59qbnj220g3kw1kz.jpg",,,北京,普通用户,7397964072,绫不是0_exe,Mon Mar 04 23:04:46 +0800 2024,"辛苦啦洛劫老师<span class=""url-icon""><img alt=[羞嗒嗒] src=""https://h5.sinaimg.cn/m/emoticon/icon/lxh/lxh_xiudada-e99552ddb3.png"" style=""width:1em; height:1em;"" /></span>",0
5007193944622649,O3198joyR,2768712265,洛劫,很开心能够参加馒头的广州个唱！有幸当了一次后台放音乐老师，第一次去LiveHouse，大家都好热情！玩的非常开心！封茗囧菌超话,,,,,0,22,80,2024-03-01 19:12,封茗囧菌超话,"https://wx1.sinaimg.cn/large/a5073249ly1hnbpdwlcsgj218z0u04a6.jpg,https://wx2.sinaimg.cn/large/a5073249ly1hnbpdy9cvjj22yo1o24qr.jpg,https://wx4.sinaimg.cn/large/a5073249ly1hnbpdzjohuj23kw20gu0z.jpg,https://wx4.sinaimg.cn/large/a5073249ly1hnbpe0o05kj23k028jx6p.jpg,https://wx4.sinaimg.cn/large/a5073249ly1hnbpe18yadj21900u0dxt.jpg,https://wx2.sinaimg.cn/large/a5073249ly1hnbpe3a1axj23402c0kjn.jpg,https://wx4.sinaimg.cn/large/a5073249ly1hnbpe3qdtgj21400u0k1a.jpg,https://wx1.sinaimg.cn/large/a5073249ly1hnbpe42y7tj21400u0k9a.jpg,https://wx2.sinaimg.cn/large/a5073249ly1hnbpe59qbnj220g3kw1kz.jpg",,,北京,普通用户,5936694216,Aaling改名会有好运吗,Sat Mar 02 12:35:47 +0800 2024,"好诶<span class=""url-icon""><img alt=[给你小心心] src=""https://h5.sinaimg.cn/m/emoticon/icon/others/qixi2018_xiaoxinxin-c76bf85343.png"" style=""width:1em; height:1em;"" /></span><span class=""url-icon""><img alt=[给你小心心] src=""https://h5.sinaimg.cn/m/emoticon/icon/others/qixi2018_xiaoxinxin-c76bf85343.png"" style=""width:1em; height:1em;"" /></span>",0
5007111613842425,O2Z0lg7AB,7396954704,小狗羊在屋企瞓覺-暫休版,？？？不是我一直以为封茗囧菌是一个虚拟人物现在告诉我是一个活生生的人啊啊啊啊啊啊啊啊！这可是小时候的白月光啊2月最遗憾的一集还是那句话不如不让我知道,,,,,0,14,5,2024-03-01 13:44,咩咩的被窝,https://wx2.sinaimg.cn/large/0084ARP2gy1hnbfwjvfwvj30u01uok0t.jpg,,,广东,黄V,6639460378,星尘香芋派,Fri Mar 01 13:56:10 +0800 2024,好像是个唱见来着？,0
5007111613842425,O2Z0lg7AB,7396954704,小狗羊在屋企瞓覺-暫休版,？？？不是我一直以为封茗囧菌是一个虚拟人物现在告诉我是一个活生生的人啊啊啊啊啊啊啊啊！这可是小时候的白月光啊2月最遗憾的一集还是那句话不如不让我知道,,,,,0,14,5,2024-03-01 13:44,咩咩的被窝,https://wx2.sinaimg.cn/large/0084ARP2gy1hnbfwjvfwvj30u01uok0t.jpg,,,广东,黄V,2384394623,爱吃水母的海绵宝批龙,Fri Mar 01 18:40:50 +0800 2024,"而且长得还挺可爱的<span class=""url-icon""><img alt=[泪] src=""https://h5.sinaimg.cn/m/emoticon/icon/default/d_lei-4cdf6ee412.png"" style=""width:1em; height:1em;"" /></span><span class=""url-icon""><img alt=[泪] src=""https://h5.sinaimg.cn/m/emoticon/icon/default/d_lei-4cdf6ee412.png"" style=""width:1em; height:1em;"" /></span><span class=""url-icon""><img alt=[泪] src=""https://h5.sinaimg.cn/m/emoticon/icon/default/d_lei-4cdf6ee412.png"" style=""width:1em; height:1em;"" /></span>",0
5007111613842425,O2Z0lg7AB,7396954704,小狗羊在屋企瞓覺-暫休版,？？？不是我一直以为封茗囧菌是一个虚拟人物现在告诉我是一个活生生的人啊啊啊啊啊啊啊啊！这可是小时候的白月光啊2月最遗憾的一集还是那句话不如不让我知道,,,,,0,14,5,2024-03-01 13:44,咩咩的被窝,https://wx2.sinaimg.cn/large/0084ARP2gy1hnbfwjvfwvj30u01uok0t.jpg,,,广东,黄V,5168040605,超级无敌盖塔机器人,Fri Mar 01 17:25:23 +0800 2024,啊她是唱见来着,0
5007111613842425,O2Z0lg7AB,7396954704,小狗羊在屋企瞓覺-暫休版,？？？不是我一直以为封茗囧菌是一个虚拟人物现在告诉我是一个活生生的人啊啊啊啊啊啊啊啊！这可是小时候的白月光啊2月最遗憾的一集还是那句话不如不让我知道,,,,,0,14,5,2024-03-01 13:44,咩咩的被窝,https://wx2.sinaimg.cn/large/0084ARP2gy1hnbfwjvfwvj30u01uok0t.jpg,,,广东,黄V,5202321639,纳尼一给莫呀,Fri Mar 01 14:43:56 +0800 2024,"b站有她<span class=""url-icon""><img alt=[哈哈] src=""https://h5.sinaimg.cn/m/emoticon/icon/default/d_haha-0ec05e6dad.png"" style=""width:1em; height:1em;"" /></span>",0
5007111613842425,O2Z0lg7AB,7396954704,小狗羊在屋企瞓覺-暫休版,？？？不是我一直以为封茗囧菌是一个虚拟人物现在告诉我是一个活生生的人啊啊啊啊啊啊啊啊！这可是小时候的白月光啊2月最遗憾的一集还是那句话不如不让我知道,,,,,0,14,5,2024-03-01 13:44,咩咩的被窝,https://wx2.sinaimg.cn/large/0084ARP2gy1hnbfwjvfwvj30u01uok0t.jpg,,,广东,黄V,3946509492,好运多多0926,Fri Mar 01 13:57:54 +0800 2024,?老唱见了,0
5007111613842425,O2Z0lg7AB,7396954704,小狗羊在屋企瞓覺-暫休版,？？？不是我一直以为封茗囧菌是一个虚拟人物现在告诉我是一个活生生的人啊啊啊啊啊啊啊啊！这可是小时候的白月光啊2月最遗憾的一集还是那句话不如不让我知道,,,,,0,14,5,2024-03-01 13:44,咩咩的被窝,https://wx2.sinaimg.cn/large/0084ARP2gy1hnbfwjvfwvj30u01uok0t.jpg,,,广东,黄V,5561051552,奡煜,Fri Mar 01 13:46:05 +0800 2024,是up主啊，,0
5006908526429010,O2TIMqYtI,7612281601,SOKG王昱元,封茗囧菌超话春柳轻拂瀞尘岚，最艳落映故人间待兰花开抚雨帘，且听崤风吟梦谣煖江洄淌湖舟游，碧泖桂林芳湘城千里鸣笛邀海月，归念相思浮其意喜欢的tt，爱上的♥桃花初映艳红尘月满江楼芳嫣巷晨曦拂日抚霁暮夜风吟游湘水涧瀞雨立落故春分煖泖淌游暑夏至潋滟浮载寒秋帘氤氲洄绕雪冬岚,,,,,4,19,50,2024-03-01 00:17,封茗囧菌超话,"https://wx1.sinaimg.cn/large/008jambvgy1hnaslp97grj31hc0u077z.jpg,https://wx3.sinaimg.cn/large/008jambvgy1hnasluhwswj31hc0u0wie.jpg,https://wx1.sinaimg.cn/large/008jambvgy1hnaslxufvjj31hc0u0105.jpg,https://wx2.sinaimg.cn/large/008jambvgy1hnasm0y29cj31hc0u0k0g.jpg",,,马来西亚,普通用户,6114444957,freedonnj,Sat Mar 02 09:32:26 +0800 2024,tt,1
5006908526429010,O2TIMqYtI,7612281601,SOKG王昱元,封茗囧菌超话春柳轻拂瀞尘岚，最艳落映故人间待兰花开抚雨帘，且听崤风吟梦谣煖江洄淌湖舟游，碧泖桂林芳湘城千里鸣笛邀海月，归念相思浮其意喜欢的tt，爱上的♥桃花初映艳红尘月满江楼芳嫣巷晨曦拂日抚霁暮夜风吟游湘水涧瀞雨立落故春分煖泖淌游暑夏至潋滟浮载寒秋帘氤氲洄绕雪冬岚,,,,,4,19,50,2024-03-01 00:17,封茗囧菌超话,"https://wx1.sinaimg.cn/large/008jambvgy1hnaslp97grj31hc0u077z.jpg,https://wx3.sinaimg.cn/large/008jambvgy1hnasluhwswj31hc0u0wie.jpg,https://wx1.sinaimg.cn/large/008jambvgy1hnaslxufvjj31hc0u0105.jpg,https://wx2.sinaimg.cn/large/008jambvgy1hnasm0y29cj31hc0u0k0g.jpg",,,马来西亚,普通用户,6558910463,封茗缘雨,Fri Mar 01 23:15:03 +0800 2024,tt,1
5006908526429010,O2TIMqYtI,7612281601,SOKG王昱元,封茗囧菌超话春柳轻拂瀞尘岚，最艳落映故人间待兰花开抚雨帘，且听崤风吟梦谣煖江洄淌湖舟游，碧泖桂林芳湘城千里鸣笛邀海月，归念相思浮其意喜欢的tt，爱上的♥桃花初映艳红尘月满江楼芳嫣巷晨曦拂日抚霁暮夜风吟游湘水涧瀞雨立落故春分煖泖淌游暑夏至潋滟浮载寒秋帘氤氲洄绕雪冬岚,,,,,4,19,50,2024-03-01 00:17,封茗囧菌超话,"https://wx1.sinaimg.cn/large/008jambvgy1hnaslp97grj31hc0u077z.jpg,https://wx3.sinaimg.cn/large/008jambvgy1hnasluhwswj31hc0u0wie.jpg,https://wx1.sinaimg.cn/large/008jambvgy1hnaslxufvjj31hc0u0105.jpg,https://wx2.sinaimg.cn/large/008jambvgy1hnasm0y29cj31hc0u0k0g.jpg",,,马来西亚,普通用户,6114444957,freedonnj,Fri Mar 01 07:46:08 +0800 2024,tt,1
5006908526429010,O2TIMqYtI,7612281601,SOKG王昱元,封茗囧菌超话春柳轻拂瀞尘岚，最艳落映故人间待兰花开抚雨帘，且听崤风吟梦谣煖江洄淌湖舟游，碧泖桂林芳湘城千里鸣笛邀海月，归念相思浮其意喜欢的tt，爱上的♥桃花初映艳红尘月满江楼芳嫣巷晨曦拂日抚霁暮夜风吟游湘水涧瀞雨立落故春分煖泖淌游暑夏至潋滟浮载寒秋帘氤氲洄绕雪冬岚,,,,,4,19,50,2024-03-01 00:17,封茗囧菌超话,"https://wx1.sinaimg.cn/large/008jambvgy1hnaslp97grj31hc0u077z.jpg,https://wx3.sinaimg.cn/large/008jambvgy1hnasluhwswj31hc0u0wie.jpg,https://wx1.sinaimg.cn/large/008jambvgy1hnaslxufvjj31hc0u0105.jpg,https://wx2.sinaimg.cn/large/008jambvgy1hnasm0y29cj31hc0u0k0g.jpg",,,马来西亚,普通用户,6632506731,宋梦来Mandisa,Fri Mar 01 07:59:16 +0800 2024,~,1
5006908526429010,O2TIMqYtI,7612281601,SOKG王昱元,封茗囧菌超话春柳轻拂瀞尘岚，最艳落映故人间待兰花开抚雨帘，且听崤风吟梦谣煖江洄淌湖舟游，碧泖桂林芳湘城千里鸣笛邀海月，归念相思浮其意喜欢的tt，爱上的♥桃花初映艳红尘月满江楼芳嫣巷晨曦拂日抚霁暮夜风吟游湘水涧瀞雨立落故春分煖泖淌游暑夏至潋滟浮载寒秋帘氤氲洄绕雪冬岚,,,,,4,19,50,2024-03-01 00:17,封茗囧菌超话,"https://wx1.sinaimg.cn/large/008jambvgy1hnaslp97grj31hc0u077z.jpg,https://wx3.sinaimg.cn/large/008jambvgy1hnasluhwswj31hc0u0wie.jpg,https://wx1.sinaimg.cn/large/008jambvgy1hnaslxufvjj31hc0u0105.jpg,https://wx2.sinaimg.cn/large/008jambvgy1hnasm0y29cj31hc0u0k0g.jpg",,,马来西亚,普通用户,7267867096,一只拾安安,Fri Mar 01 07:23:45 +0800 2024,"<span class=""url-icon""><img alt=[打call] src=""https://h5.sinaimg.cn/m/emoticon/icon/default/fb_a1dacall-1e0c4593fc.png"" style=""width:1em; height:1em;"" /></span><span class=""url-icon""><img alt=[打call] src=""https://h5.sinaimg.cn/m/emoticon/icon/default/fb_a1dacall-1e0c4593fc.png"" style=""width:1em; height:1em;"" /></span>",1
5006908526429010,O2TIMqYtI,7612281601,SOKG王昱元,封茗囧菌超话春柳轻拂瀞尘岚，最艳落映故人间待兰花开抚雨帘，且听崤风吟梦谣煖江洄淌湖舟游，碧泖桂林芳湘城千里鸣笛邀海月，归念相思浮其意喜欢的tt，爱上的♥桃花初映艳红尘月满江楼芳嫣巷晨曦拂日抚霁暮夜风吟游湘水涧瀞雨立落故春分煖泖淌游暑夏至潋滟浮载寒秋帘氤氲洄绕雪冬岚,,,,,4,19,50,2024-03-01 00:17,封茗囧菌超话,"https://wx1.sinaimg.cn/large/008jambvgy1hnaslp97grj31hc0u077z.jpg,https://wx3.sinaimg.cn/large/008jambvgy1hnasluhwswj31hc0u0wie.jpg,https://wx1.sinaimg.cn/large/008jambvgy1hnaslxufvjj31hc0u0105.jpg,https://wx2.sinaimg.cn/large/008jambvgy1hnasm0y29cj31hc0u0k0g.jpg",,,马来西亚,普通用户,6372851092,陆岁蠢小孩,Fri Mar 01 01:31:10 +0800 2024,"tt<span class=""url-icon""><img alt=[doge] src=""https://h5.sinaimg.cn/m/emoticon/icon/others/d_doge-be7f768d78.png"" style=""width:1em; height:1em;"" /></span>",1
5006908526429010,O2TIMqYtI,7612281601,SOKG王昱元,封茗囧菌超话春柳轻拂瀞尘岚，最艳落映故人间待兰花开抚雨帘，且听崤风吟梦谣煖江洄淌湖舟游，碧泖桂林芳湘城千里鸣笛邀海月，归念相思浮其意喜欢的tt，爱上的♥桃花初映艳红尘月满江楼芳嫣巷晨曦拂日抚霁暮夜风吟游湘水涧瀞雨立落故春分煖泖淌游暑夏至潋滟浮载寒秋帘氤氲洄绕雪冬岚,,,,,4,19,50,2024-03-01 00:17,封茗囧菌超话,"https://wx1.sinaimg.cn/large/008jambvgy1hnaslp97grj31hc0u077z.jpg,https://wx3.sinaimg.cn/large/008jambvgy1hnasluhwswj31hc0u0wie.jpg,https://wx1.sinaimg.cn/large/008jambvgy1hnaslxufvjj31hc0u0105.jpg,https://wx2.sinaimg.cn/large/008jambvgy1hnasm0y29cj31hc0u0k0g.jpg",,,马来西亚,普通用户,6819312546,洛欲星辰_,Fri Mar 01 17:29:26 +0800 2024,tt,1
5006908526429010,O2TIMqYtI,7612281601,SOKG王昱元,封茗囧菌超话春柳轻拂瀞尘岚，最艳落映故人间待兰花开抚雨帘，且听崤风吟梦谣煖江洄淌湖舟游，碧泖桂林芳湘城千里鸣笛邀海月，归念相思浮其意喜欢的tt，爱上的♥桃花初映艳红尘月满江楼芳嫣巷晨曦拂日抚霁暮夜风吟游湘水涧瀞雨立落故春分煖泖淌游暑夏至潋滟浮载寒秋帘氤氲洄绕雪冬岚,,,,,4,19,50,2024-03-01 00:17,封茗囧菌超话,"https://wx1.sinaimg.cn/large/008jambvgy1hnaslp97grj31hc0u077z.jpg,https://wx3.sinaimg.cn/large/008jambvgy1hnasluhwswj31hc0u0wie.jpg,https://wx1.sinaimg.cn/large/008jambvgy1hnaslxufvjj31hc0u0105.jpg,https://wx2.sinaimg.cn/large/008jambvgy1hnasm0y29cj31hc0u0k0g.jpg",,,马来西亚,普通用户,6346727368,析AiAJ,Fri Mar 01 03:33:18 +0800 2024,"<span class=""url-icon""><img alt=""[送花花]"" src=""https://face.t.sinajs.cn/t4/appstyle/expression/ext/normal/cb/2022_Flowers_org.png"" style=""width:1em; height:1em;"" /></span>",1
5006908526429010,O2TIMqYtI,7612281601,SOKG王昱元,封茗囧菌超话春柳轻拂瀞尘岚，最艳落映故人间待兰花开抚雨帘，且听崤风吟梦谣煖江洄淌湖舟游，碧泖桂林芳湘城千里鸣笛邀海月，归念相思浮其意喜欢的tt，爱上的♥桃花初映艳红尘月满江楼芳嫣巷晨曦拂日抚霁暮夜风吟游湘水涧瀞雨立落故春分煖泖淌游暑夏至潋滟浮载寒秋帘氤氲洄绕雪冬岚,,,,,4,19,50,2024-03-01 00:17,封茗囧菌超话,"https://wx1.sinaimg.cn/large/008jambvgy1hnaslp97grj31hc0u077z.jpg,https://wx3.sinaimg.cn/large/008jambvgy1hnasluhwswj31hc0u0wie.jpg,https://wx1.sinaimg.cn/large/008jambvgy1hnaslxufvjj31hc0u0105.jpg,https://wx2.sinaimg.cn/large/008jambvgy1hnasm0y29cj31hc0u0k0g.jpg",,,马来西亚,普通用户,7428129288,涂纳斯_sama,Fri Mar 01 10:21:40 +0800 2024,tt,1
5006908526429010,O2TIMqYtI,7612281601,SOKG王昱元,封茗囧菌超话春柳轻拂瀞尘岚，最艳落映故人间待兰花开抚雨帘，且听崤风吟梦谣煖江洄淌湖舟游，碧泖桂林芳湘城千里鸣笛邀海月，归念相思浮其意喜欢的tt，爱上的♥桃花初映艳红尘月满江楼芳嫣巷晨曦拂日抚霁暮夜风吟游湘水涧瀞雨立落故春分煖泖淌游暑夏至潋滟浮载寒秋帘氤氲洄绕雪冬岚,,,,,4,19,50,2024-03-01 00:17,封茗囧菌超话,"https://wx1.sinaimg.cn/large/008jambvgy1hnaslp97grj31hc0u077z.jpg,https://wx3.sinaimg.cn/large/008jambvgy1hnasluhwswj31hc0u0wie.jpg,https://wx1.sinaimg.cn/large/008jambvgy1hnaslxufvjj31hc0u0105.jpg,https://wx2.sinaimg.cn/large/008jambvgy1hnasm0y29cj31hc0u0k0g.jpg",,,马来西亚,普通用户,7886489023,用户7886489023,Sat Mar 02 16:21:56 +0800 2024,"<span class=""url-icon""><img alt=""[666]"" src=""https://face.t.sinajs.cn/t4/appstyle/expression/ext/normal/6c/2022_666_org.png"" style=""width:1em; height:1em;"" /></span><span class=""url-icon""><img alt=""[666]"" src=""https://face.t.sinajs.cn/t4/appstyle/expression/ext/normal/6c/2022_666_org.png"" style=""width:1em; height:1em;"" /></span><span class=""url-icon""><img alt=""[666]"" src=""https://face.t.sinajs.cn/t4/appstyle/expression/ext/normal/6c/2022_666_org.png"" style=""width:1em; height:1em;"" /></span><span class=""url-icon""><img alt=""[666]"" src=""https://face.t.sinajs.cn/t4/appstyle/expression/ext/normal/6c/2022_666_org.png"" style=""width:1em; height:1em;"" /></span>",1
